INSERT INTO students (name, email, age, cgpa, department)
VALUES
('Student1','student1@gmail.com',18,7.50,'CSE'),
('Student2','student2@gmail.com',19,8.20,'IT'),
('Student3','student3@gmail.com',20,6.80,'ECE'),
('Student4','student4@gmail.com',21,9.10,'MECH'),
('Student5','student5@gmail.com',22,7.90,'CSE'),
('Student6','student6@gmail.com',23,8.50,'IT'),
('Student7','student7@gmail.com',24,6.70,'ECE'),
('Student8','student8@gmail.com',25,9.30,'MECH'),
('Student9','student9@gmail.com',18,7.10,'CSE'),
('Student10','student10@gmail.com',19,8.00,'IT'),
('Student11','student11@gmail.com',20,6.50,'ECE'),
('Student12','student12@gmail.com',21,9.00,'MECH'),
('Student13','student13@gmail.com',22,7.75,'CSE'),
('Student14','student14@gmail.com',23,8.60,'IT'),
('Student15','student15@gmail.com',24,6.90,'ECE'),
('Student16','student16@gmail.com',25,9.40,'MECH'),
('Student17','student17@gmail.com',18,7.20,'CSE'),
('Student18','student18@gmail.com',19,8.10,'IT'),
('Student19','student19@gmail.com',20,6.60,'ECE'),
('Student20','student20@gmail.com',21,9.20,'MECH'),
('Student21','student21@gmail.com',22,7.85,'CSE'),
('Student22','student22@gmail.com',23,8.70,'IT'),
('Student23','student23@gmail.com',24,6.95,'ECE'),
('Student24','student24@gmail.com',25,9.50,'MECH'),
('Student25','student25@gmail.com',18,7.30,'CSE'),
('Student26','student26@gmail.com',19,8.25,'IT'),
('Student27','student27@gmail.com',20,6.75,'ECE'),
('Student28','student28@gmail.com',21,9.15,'MECH'),
('Student29','student29@gmail.com',22,7.95,'CSE'),
('Student30','student30@gmail.com',23,8.80,'IT');

INSERT INTO departments (name) VALUES
('CSE'),
('IT'),
('ECE'),
('MECH'),
('CIVIL'),
('EEE');

INSERT INTO staff (name, email, age, department_id)
VALUES
('Arun Kumar','arun.cse@gmail.com',28,1),
('Vijay Raj','vijay.cse@gmail.com',30,1),
('Suresh B','suresh.cse@gmail.com',35,1),
('Ravi K','ravi.it@gmail.com',29,2),
('Manoj S','manoj.it@gmail.com',32,2),
('Kiran P','kiran.it@gmail.com',34,2),
('Dinesh R','dinesh.ece@gmail.com',31,3),
('Prakash M','prakash.ece@gmail.com',33,3),
('Lokesh T','lokesh.ece@gmail.com',36,3),
('Saravanan','saravanan.mech@gmail.com',40,4),
('Bala','bala.mech@gmail.com',38,4),
('Karthi','karthi.mech@gmail.com',35,4),
('Ramesh','ramesh.civil@gmail.com',37,5),
('Senthil','senthil.civil@gmail.com',39,5),
('Murugan','murugan.civil@gmail.com',41,5),
('Ganesh','ganesh.eee@gmail.com',30,6),
('Sathish','sathish.eee@gmail.com',33,6),
('Venkatesh','venkatesh.eee@gmail.com',36,6);


INSERT INTO customers (name, city) VALUES
('Arun','Chennai'),
('Vijay','Madurai'),
('Suresh','Coimbatore'),
('Karthik','Chennai'),
('Ravi','Trichy'),
('Manoj','Salem'),
('Dinesh','Erode'),
('Prakash','Chennai'),
('Lokesh','Madurai'),
('Saravanan','Trichy');

INSERT INTO orders (customer_id, product, amount, order_date) VALUES
(1,'Laptop',60000,'2024-01-01'),
(1,'Mouse',500,'2024-01-02'),
(1,'Keyboard',1500,'2024-01-03'),
(2,'Mobile',20000,'2024-01-04'),
(2,'Charger',800,'2024-01-05'),
(3,'Monitor',8000,'2024-01-06'),
(3,'Speaker',3000,'2024-01-07'),
(3,'Headphones',2000,'2024-01-08'),
(4,'Tablet',15000,'2024-01-09'),
(5,'TV',40000,'2024-01-10'),
(5,'Remote',500,'2024-01-11'),
(6,'Fan',2000,'2024-01-12'),
(6,'Iron Box',1500,'2024-01-13'),
(6,'Mixer',3000,'2024-01-14'),
(7,'AC',35000,'2024-01-15'),
(8,'Fridge',30000,'2024-01-16'),
(8,'Water Purifier',12000,'2024-01-17'),
(9,'Inverter',18000,'2024-01-18'),
(9,'Battery',10000,'2024-01-19'),
(9,'UPS',7000,'2024-01-20'),
(10,'Washing Machine',28000,'2024-01-21'),
(1,'SSD',7000,'2024-01-22'),
(2,'RAM',3500,'2024-01-23'),
(3,'Camera',25000,'2024-01-24'),
(4,'Projector',22000,'2024-01-25'),
(5,'Drone',45000,'2024-01-26'),
(6,'Game Console',30000,'2024-01-27'),
(7,'VR Headset',35000,'2024-01-28'),
(8,'Smart Watch',5000,'2024-01-29'),
(9,'Printer',12000,'2024-01-30');

INSERT INTO payments (order_id, payment_method, status) VALUES
(1,'UPI','Completed'),
(1,'Card','Completed'),
(2,'UPI','Failed'),
(3,'Cash','Completed'),
(4,'Card','Completed'),
(5,'UPI','Completed'),
(5,'UPI','Completed'),
(6,'Cash','Completed'),
(7,'Card','Pending'),
(8,'UPI','Completed'),
(9,'Cash','Completed'),
(10,'Card','Completed'),
(11,'UPI','Failed'),
(12,'Cash','Completed'),
(13,'Card','Completed'),
(14,'UPI','Completed'),
(15,'Cash','Completed'),
(16,'Card','Completed'),
(17,'UPI','Completed'),
(18,'Cash','Pending'),
(19,'Card','Completed'),
(20,'UPI','Completed'),
(21,'Cash','Completed'),
(22,'Card','Completed'),
(23,'UPI','Completed'),
(24,'Cash','Completed'),
(25,'Card','Failed'),
(26,'UPI','Completed'),
(27,'Cash','Completed'),
(28,'Card','Completed');

